Expired Quarter,Expired Month,Credits Expired Date,Credits Start Date,Geo,Region,Sub Region,Territory,PSO Geo,Segment,PSO Region,PSO Territory,CSE,ESE,Cumtomer Name,Customer Number SFDC,Sales Order ID,MyLearn Account ID,Redemption LOB,Planned Redemption Date,Redemption Status,Class Name,Project Manager,Credit Status Summary,Engagement BU,Allocated Amount,Allocated Number,Allocated Comments
22Q3,Feb,2021-11-26,2021-03-20,APJ,ANZ,ANZ-ENT-CEN,ANZ-ENT-CEN-EAM3,APJ,ANZ,ANZ,VIC-TAS,Steve Granger,Steve Smith,Alien Affairs and Barter,CUST-4942183,2321579,2754100,Consulting,2021-09-27,HOLD,ALIE2139,Ron Kohli,,Server,43600,0,
22Q4,Feb,2021-11-28,2021-05-07,APJ,ANZ,ANZ-ENT-CEN,ANZ-ENT-CEN-EAM3,APJ,ANZ,ANZ,NSW,Babar Smith,Hermione Weasley,Solar-System Federation Bank,CUST-3295060,6270112,6155340,Consulting,2021-09-27,HOLD,SOLA3779,Steve Weasley,,Server,52200,0,
23Q2,Oct,2022-01-31,2021-06-29,APJ,ANZ,ANZ-ENT-CEN,ANZ-ENT-CEN-EAM3,APJ,ANZ,ANZ,NSW,Ron Root,Steve Root,Mercury Mining,CUST-9660404,1097616,1571563,Consulting,2021-09-27,HOLD,MERC1090,Steve Weasley,,Desktop,27400,0,
23Q2,Oct,2022-03-05,2021-06-15,APJ,ANZ,ANZ-ENT-CEN,ANZ-ENT-CEN-EAM3,APJ,ANZ,ANZ,NSW,Steve Smith,Hermione Weasley,Alien Affairs and Barter,CUST-8692359,3578561,4879197,Consulting,2021-09-27,HOLD,ALIE1602,Harry Granger,,Server,56400,0,
23Q2,Oct,2022-03-03,2021-08-08,APJ,ANZ,ANZ-ENT-CEN,ANZ-ENT-CEN-EAM3,APJ,ANZ,ANZ,VIC-TAS,Joe Granger,Ron Smith,Alien Affairs and Barter,CUST-7196956,6463527,6131076,Consulting,2021-09-27,HOLD,ALIE7551,Virat Azam,,Server,4900,0,
22Q4,Aug,2021-11-12,2021-08-26,APJ,ANZ,ANZ-ENT-CEN,ANZ-ENT-CEN-EAM3,APJ,ANZ,ANZ,ACT,Hermione Granger,Hermione Granger,Solar-System Federation Bank,CUST-8216021,4076456,5366666,Consulting,2021-09-27,HOLD,SOLA7239,Joe Weasley,,Server,51800,0,
23Q2,Nov,2022-05-08,2021-08-20,APJ,ANZ,ANZ-ENT-CEN,ANZ-ENT-CEN-EAM3,APJ,ANZ,ANZ,SA,Babar Potter,Babar Potter,Solar-System Federation Bank,CUST-1078784,4986821,5352947,Consulting,2021-09-27,HOLD,SOLA6540,Babar Granger,,Desktop,49000,0,
23Q1,May,2021-11-29,2021-02-26,APJ,ANZ,ANZ-ENT-CEN,ANZ-ENT-CEN-EAM3,APJ,ANZ,ANZ,ACT,Joe Smith,Virat Kohli,Uranus Trade and Investment,CUST-4123794,2775787,3760585,Consulting,2021-09-27,HOLD,URAN8663,Steve Weasley,,Server,64600,0,
23Q1,Aug,2021-12-15,2021-08-03,APJ,ANZ,ANZ-ENT-CEN,ANZ-ENT-CEN-EAM3,APJ,ANZ,ANZ,ACT,Harry Potter,Steve Root,Uranus Trade and Investment,CUST-4756694,2697419,5352159,Consulting,2021-09-27,HOLD,URAN6306,Babar Smith,,Server,33700,0,
22Q4,May,2021-12-04,2021-03-04,APJ,ANZ,ANZ-ENT-CEN,ANZ-ENT-CEN-EAM3,APJ,ANZ,ANZ,NSW,Hermione Azam,Hermione Potter,Plutopac,CUST-9805469,6329058,8627368,Consulting,2021-09-27,HOLD,PLUT3583,Ron Azam,,Desktop,51400,0,
22Q4,Aug,2022-02-26,2021-04-12,APJ,ANZ,ANZ-ENT-CEN,ANZ-ENT-CEN-EAM3,APJ,ANZ,ANZ,VIC-TAS,Joe Smith,Ron Granger,Martian Romance,CUST-8198501,5130903,8671771,Consulting,2021-09-27,HOLD,MART8343,Hermione Smith,,Server,16600,0,
22Q3,Jul,2022-02-17,2021-02-09,APJ,ANZ,ANZ-ENT-CEN,ANZ-ENT-CEN-EAM3,APJ,ANZ,ANZ,WA,Hermione Kohli,Babar Weasley,Martian Romance,CUST-4815403,1452433,7010960,Consulting,2021-09-27,HOLD,MART4973,Harry Weasley,,Desktop,59500,0,
23Q2,Nov,2022-03-22,2021-05-28,APJ,ANZ,ANZ-ENT-CEN,ANZ-ENT-CEN-EAM3,APJ,ANZ,ANZ,WA,Steve Potter,Harry Root,Martian Romance,CUST-1143418,3185185,7667690,Consulting,2021-09-27,HOLD,MART3509,Harry Smith,,Server,15400,0,
23Q1,Aug,2022-01-06,2021-06-07,APJ,ANZ,ANZ-ENT-CEN,ANZ-ENT-CEN-EAM3,APJ,ANZ,ANZ,NSW,Hermione Azam,Joe Smith,Martian Defence Network,CUST-1304455,5110832,4497527,Consulting,2021-09-27,HOLD,MART3838,Ron Root,,Server,54400,0,
23Q2,Dec,2022-03-17,2021-04-28,APJ,ANZ,ANZ-ENT-CEN,ANZ-ENT-CEN-EAM3,APJ,ANZ,ANZ,ACT,Steve Potter,Steve Smith,Alien Affairs and Barter,CUST-7039287,9283570,7776403,Consulting,2021-09-27,HOLD,ALIE5304,Joe Azam,,Desktop,42400,0,
23Q2,Jun,2022-01-28,2021-07-18,APJ,ANZ,ANZ-ENT-CEN,ANZ-ENT-CEN-EAM3,APJ,ANZ,ANZ,NSW,Ron Smith,Ron Weasley,Martian Defence Network,CUST-5138155,2785339,7887160,Consulting,2021-09-27,HOLD,MART7369,Virat Smith,,Desktop,25200,0,
22Q4,Apr,2022-05-12,2021-04-09,APJ,ANZ,ANZ-ENT-CEN,ANZ-ENT-CEN-EAM3,APJ,ANZ,ANZ,ACT,Hermione Weasley,Joe Granger,Solar-System Federation Bank,CUST-8703462,6618351,8859112,Consulting,2021-09-27,HOLD,SOLA3513,Ron Smith,,Server,57700,0,
22Q3,Aug,2021-11-02,2021-07-19,APJ,ANZ,ANZ-ENT-CEN,ANZ-ENT-CEN-EAM3,APJ,ANZ,ANZ,NSW,Steve Root,Virat Root,Plutopac,CUST-5841681,6105939,9600251,Consulting,2021-09-27,HOLD,PLUT2244,Babar Root,,Desktop,8800,0,
22Q4,Apr,2021-12-03,2021-03-15,APJ,ANZ,ANZ-ENT-CEN,ANZ-ENT-CEN-EAM3,APJ,ANZ,ANZ,NSW,Virat Granger,Steve Potter,Alien Affairs and Barter,CUST-8319933,1185594,5459016,Consulting,2021-09-27,HOLD,ALIE7923,Harry Root,,Desktop,68400,0,
23Q1,Jan,2022-04-20,2021-01-31,APJ,ANZ,ANZ-ENT-CEN,ANZ-ENT-CEN-EAM3,APJ,ANZ,ANZ,NSW,Joe Granger,Babar Kohli,Martian Defence Network,CUST-2060059,1847448,1749045,Consulting,2021-09-27,HOLD,MART2610,Harry Root,,Server,53100,0,
22Q4,Nov,2022-05-11,2021-03-28,APJ,ANZ,ANZ-ENT-CEN,ANZ-ENT-CEN-EAM3,APJ,ANZ,ANZ,VIC-TAS,Ron Potter,Harry Potter,Mercury Mining,CUST-7311344,5899667,8090533,Consulting,2021-09-27,HOLD,MERC1397,Ron Weasley,,Desktop,47200,0,
23Q2,Jul,2022-05-24,2021-03-07,APJ,ANZ,ANZ-ENT-CEN,ANZ-ENT-CEN-EAM3,APJ,ANZ,ANZ,ACT,Steve Kohli,Steve Weasley,Plutopac,CUST-6369393,1454580,5262132,Consulting,2021-09-27,HOLD,PLUT7061,Harry Weasley,,Server,65100,0,
23Q1,Jul,2022-03-01,2021-03-28,APJ,ANZ,ANZ-ENT-CEN,ANZ-ENT-CEN-EAM3,APJ,ANZ,ANZ,VIC-TAS,Ron Root,Virat Azam,Martian Defence Network,CUST-3666533,7346727,6794574,Consulting,2021-09-27,HOLD,MART3505,Ron Potter,,Desktop,8200,0,
23Q2,Aug,2022-01-19,2021-06-26,APJ,ANZ,ANZ-ENT-CEN,ANZ-ENT-CEN-EAM3,APJ,ANZ,ANZ,WA,Hermione Smith,Steve Kohli,Plutopac,CUST-4519098,3815862,3269269,Consulting,2021-09-27,HOLD,PLUT5759,Ron Granger,,Server,70100,0,
22Q4,Nov,2022-04-19,2021-05-22,APJ,ANZ,ANZ-ENT-CEN,ANZ-ENT-CEN-EAM3,APJ,ANZ,ANZ,VIC-TAS,Steve Potter,Hermione Granger,Martian Romance,CUST-8564994,6713524,9823835,Consulting,2021-09-27,HOLD,MART2885,Steve Potter,,Server,71800,0,
22Q4,Sep,2022-01-02,2021-06-23,APJ,ANZ,ANZ-ENT-CEN,ANZ-ENT-CEN-EAM3,APJ,ANZ,ANZ,VIC-TAS,Ron Weasley,Virat Potter,Martian Romance,CUST-4050442,2809156,9985076,Consulting,2021-09-27,HOLD,MART5724,Ron Azam,,Desktop,63100,0,
23Q2,Oct,2022-05-08,2021-08-01,APJ,ANZ,ANZ-ENT-CEN,ANZ-ENT-CEN-EAM3,APJ,ANZ,ANZ,ACT,Babar Weasley,Harry Potter,Martian Romance,CUST-3503475,1793892,8372129,Consulting,2021-09-27,HOLD,MART5612,Hermione Granger,,Desktop,70500,0,
22Q3,Dec,2022-04-04,2021-03-17,APJ,ANZ,ANZ-ENT-CEN,ANZ-ENT-CEN-EAM3,APJ,ANZ,ANZ,NSW,Virat Root,Joe Kohli,Martian Romance,CUST-1407801,7663644,5688011,Consulting,2021-09-27,HOLD,MART2093,Ron Weasley,,Server,38200,0,
22Q3,Jan,2021-11-16,2021-02-09,APJ,ANZ,ANZ-ENT-CEN,ANZ-ENT-CEN-EAM3,APJ,ANZ,ANZ,VIC-TAS,Virat Azam,Ron Potter,Martian Defence Network,CUST-8920072,7151879,5304454,Consulting,2021-09-27,HOLD,MART6885,Virat Granger,,Server,10000,0,
22Q3,Aug,2022-03-31,2021-07-27,APJ,ANZ,ANZ-ENT-CEN,ANZ-ENT-CEN-EAM3,APJ,ANZ,ANZ,WA,Harry Smith,Virat Granger,Uranus Trade and Investment,CUST-3643024,5782204,5515243,Consulting,2021-09-27,HOLD,URAN4841,Hermione Smith,,Desktop,52400,0,
22Q4,Aug,2022-03-05,2021-06-13,APJ,ANZ,ANZ-ENT-CEN,ANZ-ENT-CEN-EAM3,APJ,ANZ,ANZ,VIC-TAS,Joe Potter,Ron Kohli,Alien Affairs and Barter,CUST-9074666,3355375,6661477,Consulting,2021-09-27,HOLD,ALIE4553,Babar Kohli,,Server,16400,0,
22Q3,Jan,2022-03-12,2021-02-28,APJ,ANZ,ANZ-ENT-CEN,ANZ-ENT-CEN-EAM3,APJ,ANZ,ANZ,NSW,Virat Granger,Hermione Potter,Martian Defence Network,CUST-2069088,4837734,8113725,Consulting,2021-09-27,HOLD,MART7307,Steve Azam,,Server,4900,0,
23Q2,Sep,2022-02-18,2021-08-25,APJ,ANZ,ANZ-ENT-CEN,ANZ-ENT-CEN-EAM3,APJ,ANZ,ANZ,ACT,Harry Kohli,Ron Weasley,Solar-System Federation Bank,CUST-9346134,8074313,3515787,Consulting,2021-09-27,HOLD,SOLA5426,Steve Root,,Server,77900,0,
22Q3,Jul,2021-11-04,2021-07-07,APJ,ANZ,ANZ-ENT-CEN,ANZ-ENT-CEN-EAM3,APJ,ANZ,ANZ,ACT,Ron Root,Babar Azam,Plutopac,CUST-9712910,4542647,5422467,Consulting,2021-09-27,HOLD,PLUT4880,Ron Weasley,,Server,32100,0,
23Q2,Mar,2022-03-07,2021-05-15,APJ,ANZ,ANZ-ENT-CEN,ANZ-ENT-CEN-EAM3,APJ,ANZ,ANZ,NSW,Harry Granger,Babar Root,Mercury Mining,CUST-3022107,4879202,2758516,Consulting,2021-09-27,HOLD,MERC8836,Babar Granger,,Desktop,69400,0,
23Q2,Jun,2022-02-10,2021-01-30,APJ,ANZ,ANZ-ENT-CEN,ANZ-ENT-CEN-EAM3,APJ,ANZ,ANZ,VIC-TAS,Harry Kohli,Steve Azam,Alien Affairs and Barter,CUST-5333616,3003376,9755852,Consulting,2021-09-27,HOLD,ALIE6735,Harry Granger,,Server,78600,0,
23Q1,Nov,2022-02-23,2021-03-30,APJ,ANZ,ANZ-ENT-CEN,ANZ-ENT-CEN-EAM3,APJ,ANZ,ANZ,ACT,Virat Potter,Ron Kohli,Plutopac,CUST-5537680,3323781,1619488,Consulting,2021-09-27,HOLD,PLUT5882,Babar Root,,Desktop,22600,0,
23Q1,Feb,2022-01-19,2021-03-03,APJ,ANZ,ANZ-ENT-CEN,ANZ-ENT-CEN-EAM3,APJ,ANZ,ANZ,SA,Harry Kohli,Joe Potter,Uranus Trade and Investment,CUST-8708670,6761004,2178706,Consulting,2021-09-27,HOLD,URAN8964,Steve Potter,,Server,44600,0,
23Q2,Jul,2022-02-15,2021-04-01,APJ,ANZ,ANZ-ENT-CEN,ANZ-ENT-CEN-EAM3,APJ,ANZ,ANZ,NSW,Babar Azam,Harry Root,Solar-System Federation Bank,CUST-5898909,5434534,7670826,Consulting,2021-09-27,HOLD,SOLA7121,Babar Weasley,,Server,59500,0,
23Q2,Nov,2022-03-16,2021-07-06,APJ,ANZ,ANZ-ENT-CEN,ANZ-ENT-CEN-EAM3,APJ,ANZ,ANZ,VIC-TAS,Harry Smith,Babar Azam,Martian Defence Network,CUST-8498120,5173778,2306558,Consulting,2021-09-27,HOLD,MART7001,Joe Root,,Server,36200,0,
22Q4,Mar,2022-02-25,2021-07-22,APJ,ANZ,ANZ-ENT-CEN,ANZ-ENT-CEN-EAM3,APJ,ANZ,ANZ,QLD-NT,Steve Potter,Virat Granger,Alien Affairs and Barter,CUST-7878974,6922000,5255105,Consulting,2021-09-27,HOLD,ALIE5368,Virat Smith,,Server,8100,0,
23Q2,Jan,2021-11-13,2021-06-04,APJ,ANZ,ANZ-ENT-CEN,ANZ-ENT-CEN-EAM3,APJ,ANZ,ANZ,NSW,Steve Azam,Harry Granger,Plutopac,CUST-7996096,6248491,6614588,Consulting,2021-09-27,HOLD,PLUT4135,Babar Granger,,Server,70000,0,
22Q4,Jun,2022-03-22,2021-04-17,APJ,ANZ,ANZ-ENT-CEN,ANZ-ENT-CEN-EAM3,APJ,ANZ,ANZ,NSW,Harry Potter,Harry Kohli,Mercury Mining,CUST-8830142,3127329,4851247,Consulting,2021-09-27,HOLD,MERC4466,Steve Root,,Server,30800,0,
22Q3,Sep,2022-03-18,2021-02-18,APJ,ANZ,ANZ-ENT-CEN,ANZ-ENT-CEN-EAM3,APJ,ANZ,ANZ,VIC-TAS,Joe Smith,Harry Potter,Martian Romance,CUST-7242208,3220029,1720129,Consulting,2021-09-27,HOLD,MART7739,Ron Granger,,Desktop,24500,0,
22Q4,Aug,2021-12-16,2021-05-27,APJ,ANZ,ANZ-ENT-CEN,ANZ-ENT-CEN-EAM3,APJ,ANZ,ANZ,QLD-NT,Virat Granger,Hermione Kohli,Uranus Trade and Investment,CUST-4538583,3653877,5807776,Consulting,2021-09-27,HOLD,URAN6469,Joe Weasley,,Server,34600,0,
23Q1,May,2022-05-01,2021-03-25,APJ,ANZ,ANZ-ENT-CEN,ANZ-ENT-CEN-EAM3,APJ,ANZ,ANZ,SA,Steve Root,Harry Granger,Mercury Mining,CUST-7386466,2050420,6374069,Consulting,2021-09-27,HOLD,MERC9022,Babar Smith,,Server,44000,0,
22Q4,May,2022-04-17,2021-05-27,APJ,ANZ,ANZ-ENT-CEN,ANZ-ENT-CEN-EAM3,APJ,ANZ,ANZ,NSW,Harry Kohli,Hermione Granger,Alien Affairs and Barter,CUST-4772481,9860905,9315533,Consulting,2021-09-27,HOLD,ALIE3571,Harry Root,,Server,10800,0,
23Q2,Nov,2021-12-15,2021-04-27,APJ,ANZ,ANZ-ENT-CEN,ANZ-ENT-CEN-EAM3,APJ,ANZ,ANZ,ACT,Hermione Azam,Harry Kohli,Alien Affairs and Barter,CUST-4519045,3604983,1258688,Consulting,2021-09-27,HOLD,ALIE6499,Steve Granger,,Desktop,42100,0,
23Q2,Jul,2022-04-04,2021-06-27,APJ,ANZ,ANZ-ENT-CEN,ANZ-ENT-CEN-EAM3,APJ,ANZ,ANZ,VIC-TAS,Babar Weasley,Virat Weasley,Mercury Mining,CUST-7260568,5726517,4174357,Consulting,2021-09-27,HOLD,MERC2539,Joe Azam,,Server,37400,0,
23Q1,Apr,2022-04-23,2021-07-29,APJ,ANZ,ANZ-ENT-CEN,ANZ-ENT-CEN-EAM3,APJ,ANZ,ANZ,ACT,Harry Azam,Ron Potter,Solar-System Federation Bank,CUST-6733930,1720055,9937390,Consulting,2021-09-27,HOLD,SOLA5226,Harry Azam,,Desktop,25600,0,
22Q3,Sep,2022-04-13,2021-07-18,APJ,ANZ,ANZ-ENT-CEN,ANZ-ENT-CEN-EAM3,APJ,ANZ,ANZ,ACT,Ron Smith,Steve Smith,Martian Romance,CUST-9034195,4939569,8073314,Consulting,2021-09-27,HOLD,MART5316,Harry Smith,,Server,75100,0,
22Q4,Oct,2021-12-29,2021-04-13,APJ,ANZ,ANZ-ENT-CEN,ANZ-ENT-CEN-EAM3,APJ,ANZ,ANZ,VIC-TAS,Hermione Weasley,Ron Kohli,Solar-System Federation Bank,CUST-8739155,7320072,1757255,Consulting,2021-09-27,HOLD,SOLA6227,Joe Granger,,Desktop,14800,0,
23Q1,Aug,2022-01-28,2021-02-27,APJ,ANZ,ANZ-ENT-CEN,ANZ-ENT-CEN-EAM3,APJ,ANZ,ANZ,SA,Joe Smith,Babar Root,Martian Defence Network,CUST-2158365,7529890,6458409,Consulting,2021-09-27,HOLD,MART1750,Joe Smith,,Desktop,12300,0,
23Q2,Feb,2022-03-12,2021-05-08,APJ,ANZ,ANZ-ENT-CEN,ANZ-ENT-CEN-EAM3,APJ,ANZ,ANZ,VIC-TAS,Babar Granger,Hermione Root,Martian Romance,CUST-7030601,6741090,9766079,Consulting,2021-09-27,HOLD,MART7605,Joe Azam,,Desktop,34400,0,
23Q2,May,2022-05-21,2021-06-26,APJ,ANZ,ANZ-ENT-CEN,ANZ-ENT-CEN-EAM3,APJ,ANZ,ANZ,WA,Babar Azam,Steve Potter,Martian Romance,CUST-2029552,9618446,3894673,Consulting,2021-09-27,HOLD,MART3123,Babar Potter,,Desktop,8200,0,
23Q2,Mar,2022-03-24,2021-02-28,APJ,ANZ,ANZ-ENT-CEN,ANZ-ENT-CEN-EAM3,APJ,ANZ,ANZ,ACT,Steve Azam,Joe Potter,Alien Affairs and Barter,CUST-2272703,7260557,1146136,Consulting,2021-09-27,HOLD,ALIE1399,Ron Weasley,,Server,79700,0,
23Q2,Dec,2022-04-13,2021-07-03,APJ,ANZ,ANZ-ENT-CEN,ANZ-ENT-CEN-EAM3,APJ,ANZ,ANZ,ACT,Joe Smith,Harry Root,Solar-System Federation Bank,CUST-3785498,7183848,6165224,Consulting,2021-09-27,HOLD,SOLA7988,Harry Kohli,,Server,79800,0,
23Q1,May,2022-03-27,2021-05-17,APJ,ANZ,ANZ-ENT-CEN,ANZ-ENT-CEN-EAM3,APJ,ANZ,ANZ,ACT,Babar Azam,Virat Azam,Plutopac,CUST-7728181,5161624,4490681,Consulting,2021-09-27,HOLD,PLUT8944,Steve Kohli,,Desktop,4200,0,
23Q2,Jun,2022-01-23,2021-02-06,APJ,ANZ,ANZ-ENT-CEN,ANZ-ENT-CEN-EAM3,APJ,ANZ,ANZ,SA,Ron Azam,Steve Root,Alien Affairs and Barter,CUST-9328569,2097094,7888040,Consulting,2021-09-27,HOLD,ALIE6886,Virat Root,,Server,63600,0,
22Q3,Jul,2021-12-19,2021-06-16,APJ,ANZ,ANZ-ENT-CEN,ANZ-ENT-CEN-EAM3,APJ,ANZ,ANZ,SA,Virat Weasley,Babar Potter,Martian Romance,CUST-3453299,1424806,4868528,Consulting,2021-09-27,HOLD,MART4314,Joe Weasley,,Desktop,4400,0,
23Q2,Nov,2022-04-25,2021-02-20,APJ,ANZ,ANZ-ENT-CEN,ANZ-ENT-CEN-EAM3,APJ,ANZ,ANZ,WA,Harry Weasley,Babar Potter,Martian Defence Network,CUST-3126655,4993287,1642161,Consulting,2021-09-27,HOLD,MART1299,Hermione Root,,Desktop,12000,0,
23Q1,Jul,2022-02-28,2021-04-04,APJ,ANZ,ANZ-ENT-CEN,ANZ-ENT-CEN-EAM3,APJ,ANZ,ANZ,VIC-TAS,Ron Azam,Harry Root,Plutopac,CUST-3990399,5287765,3002038,Consulting,2021-09-27,HOLD,PLUT5435,Harry Potter,,Server,46400,0,
22Q3,Mar,2022-05-23,2021-07-24,APJ,ANZ,ANZ-ENT-CEN,ANZ-ENT-CEN-EAM3,APJ,ANZ,ANZ,NSW,Ron Granger,Steve Kohli,Mercury Mining,CUST-4225729,9887646,7019791,Consulting,2021-09-27,HOLD,MERC2900,Joe Kohli,,Desktop,61400,0,
23Q2,Jun,2021-12-23,2021-04-11,APJ,ANZ,ANZ-ENT-CEN,ANZ-ENT-CEN-EAM3,APJ,ANZ,ANZ,VIC-TAS,Harry Weasley,Steve Smith,Martian Defence Network,CUST-1458858,6387068,8205506,Consulting,2021-09-27,HOLD,MART9184,Virat Azam,,Desktop,48800,0,
23Q1,Jul,2022-05-24,2021-03-23,APJ,ANZ,ANZ-ENT-CEN,ANZ-ENT-CEN-EAM3,APJ,ANZ,ANZ,NSW,Babar Root,Babar Kohli,Plutopac,CUST-6104447,1037525,8193550,Consulting,2021-09-27,HOLD,PLUT8099,Babar Smith,,Desktop,73500,0,
23Q1,May,2022-01-17,2021-08-01,APJ,ANZ,ANZ-ENT-CEN,ANZ-ENT-CEN-EAM3,APJ,ANZ,ANZ,ACT,Ron Weasley,Harry Azam,Mercury Mining,CUST-3265211,3775523,4202512,Consulting,2021-09-27,HOLD,MERC3417,Joe Azam,,Server,38000,0,
22Q4,Mar,2022-04-19,2021-06-26,APJ,ANZ,ANZ-ENT-CEN,ANZ-ENT-CEN-EAM3,APJ,ANZ,ANZ,VIC-TAS,Joe Smith,Babar Granger,Uranus Trade and Investment,CUST-2383348,8794394,2527820,Consulting,2021-09-27,HOLD,URAN2552,Harry Root,,Desktop,23600,0,
23Q2,Jul,2022-01-16,2021-06-19,APJ,ANZ,ANZ-ENT-CEN,ANZ-ENT-CEN-EAM3,APJ,ANZ,ANZ,WA,Ron Granger,Joe Root,Alien Affairs and Barter,CUST-5944134,7097297,5184599,Consulting,2021-09-27,HOLD,ALIE1570,Virat Smith,,Server,64100,0,
23Q2,Nov,2022-01-21,2021-02-02,APJ,ANZ,ANZ-ENT-CEN,ANZ-ENT-CEN-EAM3,APJ,ANZ,ANZ,ACT,Joe Granger,Virat Kohli,Martian Defence Network,CUST-7534194,9564789,2358689,Consulting,2021-09-27,HOLD,MART4957,Steve Potter,,Desktop,2000,0,
23Q1,Apr,2021-12-13,2021-02-19,APJ,ANZ,ANZ-ENT-CEN,ANZ-ENT-CEN-EAM3,APJ,ANZ,ANZ,QLD-NT,Babar Granger,Virat Weasley,Mercury Mining,CUST-8471243,1696425,6851556,Consulting,2021-09-27,HOLD,MERC5246,Babar Smith,,Server,37000,0,
23Q2,Feb,2022-05-21,2021-04-22,APJ,ANZ,ANZ-ENT-CEN,ANZ-ENT-CEN-EAM3,APJ,ANZ,ANZ,VIC-TAS,Hermione Weasley,Ron Kohli,Uranus Trade and Investment,CUST-9397182,2557560,6712840,Consulting,2021-09-27,HOLD,URAN5330,Virat Azam,,Desktop,58400,0,
22Q4,Nov,2021-12-10,2021-03-18,APJ,ANZ,ANZ-ENT-CEN,ANZ-ENT-CEN-EAM3,APJ,ANZ,ANZ,ACT,Harry Potter,Hermione Smith,Solar-System Federation Bank,CUST-2060406,3172839,5931410,Consulting,2021-09-27,HOLD,SOLA8000,Babar Weasley,,Desktop,9900,0,
22Q3,Apr,2022-02-06,2021-03-10,APJ,ANZ,ANZ-ENT-CEN,ANZ-ENT-CEN-EAM3,APJ,ANZ,ANZ,NSW,Hermione Root,Harry Weasley,Mercury Mining,CUST-3293824,4027070,8452346,Consulting,2021-09-27,HOLD,MERC3841,Harry Azam,,Desktop,2000,0,
22Q3,Jan,2022-01-28,2021-03-15,APJ,ANZ,ANZ-ENT-CEN,ANZ-ENT-CEN-EAM3,APJ,ANZ,ANZ,ACT,Virat Granger,Babar Potter,Martian Defence Network,CUST-7122233,9849882,3343429,Consulting,2021-09-27,HOLD,MART7658,Harry Kohli,,Server,68900,0,
22Q3,Feb,2021-12-30,2021-05-20,APJ,ANZ,ANZ-ENT-CEN,ANZ-ENT-CEN-EAM3,APJ,ANZ,ANZ,VIC-TAS,Babar Azam,Virat Granger,Mercury Mining,CUST-8766557,6169014,1437558,Consulting,2021-09-27,HOLD,MERC8771,Babar Weasley,,Server,48400,0,
23Q1,Oct,2021-11-17,2021-05-20,APJ,ANZ,ANZ-ENT-CEN,ANZ-ENT-CEN-EAM3,APJ,ANZ,ANZ,VIC-TAS,Ron Root,Virat Kohli,Martian Defence Network,CUST-9361183,1860044,3496454,Consulting,2021-09-27,HOLD,MART8178,Ron Potter,,Server,80000,0,
23Q2,Apr,2022-01-11,2021-03-05,APJ,ANZ,ANZ-ENT-CEN,ANZ-ENT-CEN-EAM3,APJ,ANZ,ANZ,ACT,Steve Potter,Steve Smith,Plutopac,CUST-4160452,3441854,3138731,Consulting,2021-09-27,HOLD,PLUT8983,Steve Azam,,Server,33100,0,
23Q2,Feb,2022-03-29,2021-06-06,APJ,ANZ,ANZ-ENT-CEN,ANZ-ENT-CEN-EAM3,APJ,ANZ,ANZ,VIC-TAS,Harry Azam,Babar Smith,Uranus Trade and Investment,CUST-6088415,1306329,6659215,Consulting,2021-09-27,HOLD,URAN9404,Virat Azam,,Server,40400,0,
22Q4,Aug,2021-12-11,2021-02-09,APJ,ANZ,ANZ-ENT-CEN,ANZ-ENT-CEN-EAM3,APJ,ANZ,ANZ,ACT,Virat Azam,Steve Granger,Alien Affairs and Barter,CUST-9067700,3243527,5876568,Consulting,2021-09-27,HOLD,ALIE8722,Babar Weasley,,Server,64500,0,
22Q3,Aug,2021-11-01,2021-04-30,APJ,ANZ,ANZ-ENT-CEN,ANZ-ENT-CEN-EAM3,APJ,ANZ,ANZ,VIC-TAS,Hermione Root,Virat Kohli,Uranus Trade and Investment,CUST-4747659,9877943,6115319,Consulting,2021-09-27,HOLD,URAN5711,Virat Weasley,,Desktop,41300,0,
23Q2,Mar,2022-05-15,2021-05-19,APJ,ANZ,ANZ-ENT-CEN,ANZ-ENT-CEN-EAM3,APJ,ANZ,ANZ,NSW,Steve Kohli,Babar Potter,Uranus Trade and Investment,CUST-9568421,7888746,8045220,Consulting,2021-09-27,HOLD,URAN8045,Virat Smith,,Server,42600,0,
22Q4,Dec,2021-11-10,2021-02-28,APJ,ANZ,ANZ-ENT-CEN,ANZ-ENT-CEN-EAM3,APJ,ANZ,ANZ,NSW,Steve Weasley,Steve Smith,Mercury Mining,CUST-3984565,4251130,4540235,Consulting,2021-09-27,HOLD,MERC6348,Hermione Smith,,Desktop,47800,0,
23Q2,Sep,2022-04-14,2021-02-16,APJ,ANZ,ANZ-ENT-CEN,ANZ-ENT-CEN-EAM3,APJ,ANZ,ANZ,ACT,Hermione Potter,Steve Kohli,Martian Defence Network,CUST-7435407,7819961,7337990,Consulting,2021-09-27,HOLD,MART3892,Steve Weasley,,Server,65000,0,
23Q1,Apr,2021-11-30,2021-07-21,APJ,ANZ,ANZ-ENT-CEN,ANZ-ENT-CEN-EAM3,APJ,ANZ,ANZ,NSW,Ron Weasley,Steve Kohli,Plutopac,CUST-1844201,4171552,2046378,Consulting,2021-09-27,HOLD,PLUT9551,Virat Granger,,Server,31400,0,
22Q3,Jun,2021-10-27,2021-03-03,APJ,ANZ,ANZ-ENT-CEN,ANZ-ENT-CEN-EAM3,APJ,ANZ,ANZ,WA,Ron Root,Joe Smith,Alien Affairs and Barter,CUST-3325821,5377105,5123938,Consulting,2021-09-27,HOLD,ALIE1608,Virat Smith,,Server,60200,0,
23Q2,Feb,2021-12-06,2021-08-14,APJ,ANZ,ANZ-ENT-CEN,ANZ-ENT-CEN-EAM3,APJ,ANZ,ANZ,NSW,Harry Root,Babar Granger,Plutopac,CUST-9596146,1135227,3948784,Consulting,2021-09-27,HOLD,PLUT2430,Joe Root,,Server,65000,0,
22Q3,Apr,2021-12-11,2021-03-04,APJ,ANZ,ANZ-ENT-CEN,ANZ-ENT-CEN-EAM3,APJ,ANZ,ANZ,VIC-TAS,Hermione Smith,Babar Azam,Mercury Mining,CUST-2210393,9077923,4706009,Consulting,2021-09-27,HOLD,MERC3166,Hermione Granger,,Desktop,47700,0,
22Q4,Oct,2022-03-28,2021-03-24,APJ,ANZ,ANZ-ENT-CEN,ANZ-ENT-CEN-EAM3,APJ,ANZ,ANZ,NSW,Babar Weasley,Babar Azam,Solar-System Federation Bank,CUST-6253649,1720479,3755261,Consulting,2021-09-27,HOLD,SOLA8449,Babar Granger,,Server,70000,0,
22Q4,Mar,2022-01-12,2021-04-29,APJ,ANZ,ANZ-ENT-CEN,ANZ-ENT-CEN-EAM3,APJ,ANZ,ANZ,WA,Virat Granger,Harry Granger,Uranus Trade and Investment,CUST-4732562,6531376,9919227,Consulting,2021-09-27,HOLD,URAN5062,Hermione Root,,Server,76500,0,
23Q2,Jul,2022-04-12,2021-05-27,APJ,ANZ,ANZ-ENT-CEN,ANZ-ENT-CEN-EAM3,APJ,ANZ,ANZ,ACT,Virat Kohli,Joe Azam,Martian Romance,CUST-8263763,8711327,8132773,Consulting,2021-09-27,HOLD,MART7175,Ron Smith,,Server,53200,0,
22Q4,May,2022-01-17,2021-02-14,APJ,ANZ,ANZ-ENT-CEN,ANZ-ENT-CEN-EAM3,APJ,ANZ,ANZ,VIC-TAS,Babar Granger,Ron Smith,Alien Affairs and Barter,CUST-4261923,2814856,2767708,Consulting,2021-09-27,HOLD,ALIE3749,Ron Weasley,,Server,41600,0,
22Q3,Jul,2022-03-02,2021-03-13,APJ,ANZ,ANZ-ENT-CEN,ANZ-ENT-CEN-EAM3,APJ,ANZ,ANZ,QLD-NT,Ron Weasley,Ron Smith,Alien Affairs and Barter,CUST-2230148,4838248,8244524,Consulting,2021-09-27,HOLD,ALIE9313,Ron Weasley,,Server,51000,0,
23Q1,Nov,2021-11-14,2021-08-03,APJ,ANZ,ANZ-ENT-CEN,ANZ-ENT-CEN-EAM3,APJ,ANZ,ANZ,ACT,Ron Smith,Steve Kohli,Martian Romance,CUST-1429566,5742664,4684772,Consulting,2021-09-27,HOLD,MART8036,Ron Potter,,Server,58700,0,
23Q1,Nov,2022-04-06,2021-06-19,APJ,ANZ,ANZ-ENT-CEN,ANZ-ENT-CEN-EAM3,APJ,ANZ,ANZ,ACT,Harry Weasley,Harry Granger,Alien Affairs and Barter,CUST-5565290,7190034,3601339,Consulting,2021-09-27,HOLD,ALIE4347,Steve Weasley,,Desktop,6200,0,
23Q1,Mar,2022-03-14,2021-06-01,APJ,ANZ,ANZ-ENT-CEN,ANZ-ENT-CEN-EAM3,APJ,ANZ,ANZ,NSW,Ron Potter,Virat Weasley,Solar-System Federation Bank,CUST-7567763,8686630,6595398,Consulting,2021-09-27,HOLD,SOLA5612,Harry Kohli,,Desktop,5700,0,
23Q1,Dec,2022-05-01,2021-04-13,APJ,ANZ,ANZ-ENT-CEN,ANZ-ENT-CEN-EAM3,APJ,ANZ,ANZ,NSW,Steve Smith,Ron Kohli,Martian Defence Network,CUST-5447083,4522608,1790406,Consulting,2021-09-27,HOLD,MART1586,Babar Potter,,Desktop,74100,0,
23Q1,Jun,2022-02-11,2021-06-21,APJ,ANZ,ANZ-ENT-CEN,ANZ-ENT-CEN-EAM3,APJ,ANZ,ANZ,VIC-TAS,Joe Smith,Joe Weasley,Martian Romance,CUST-1055507,5391874,1786173,Consulting,2021-09-27,HOLD,MART2993,Harry Kohli,,Server,74500,0,
23Q2,Jan,2022-04-23,2021-03-08,APJ,ANZ,ANZ-ENT-CEN,ANZ-ENT-CEN-EAM3,APJ,ANZ,ANZ,WA,Steve Weasley,Virat Azam,Martian Defence Network,CUST-4898145,5353425,3693417,Consulting,2021-09-27,HOLD,MART2085,Virat Granger,,Server,38400,0,
22Q3,Nov,2021-12-24,2021-08-19,APJ,ANZ,ANZ-ENT-CEN,ANZ-ENT-CEN-EAM3,APJ,ANZ,ANZ,NSW,Hermione Azam,Babar Smith,Mercury Mining,CUST-5641067,1329510,7858056,Consulting,2021-09-27,HOLD,MERC6842,Joe Potter,,Server,74700,0,
22Q4,Feb,2021-12-02,2021-05-03,APJ,ANZ,ANZ-ENT-CEN,ANZ-ENT-CEN-EAM3,APJ,ANZ,ANZ,SA,Ron Potter,Steve Azam,Solar-System Federation Bank,CUST-9306214,2119240,6016128,Consulting,2021-09-27,HOLD,SOLA5460,Harry Weasley,,Server,36700,0,
22Q3,Jun,2022-05-21,2021-07-08,APJ,ANZ,ANZ-ENT-CEN,ANZ-ENT-CEN-EAM3,APJ,ANZ,ANZ,VIC-TAS,Hermione Weasley,Steve Potter,Uranus Trade and Investment,CUST-6861097,7966652,9725008,Consulting,2021-09-27,HOLD,URAN7120,Virat Smith,,Server,16800,0,
22Q4,Nov,2021-10-31,2021-08-08,APJ,ANZ,ANZ-ENT-CEN,ANZ-ENT-CEN-EAM3,APJ,ANZ,ANZ,ACT,Harry Root,Ron Azam,Uranus Trade and Investment,CUST-7663724,9056184,2792668,Consulting,2021-09-27,HOLD,URAN4563,Harry Potter,,Desktop,5900,0,
23Q2,May,2021-11-24,2021-04-09,APJ,ANZ,ANZ-ENT-CEN,ANZ-ENT-CEN-EAM3,APJ,ANZ,ANZ,VIC-TAS,Hermione Potter,Hermione Weasley,Alien Affairs and Barter,CUST-6908960,8562868,1844200,Consulting,2021-09-27,HOLD,ALIE1197,Steve Azam,,Desktop,67800,0,
23Q2,Mar,2021-11-10,2021-05-24,APJ,ANZ,ANZ-ENT-CEN,ANZ-ENT-CEN-EAM3,APJ,ANZ,ANZ,ACT,Ron Smith,Harry Smith,Mercury Mining,CUST-5103980,8552357,9907992,Consulting,2021-09-27,HOLD,MERC6180,Joe Root,,Desktop,1900,0,
22Q4,Jan,2022-04-07,2021-04-07,APJ,ANZ,ANZ-ENT-CEN,ANZ-ENT-CEN-EAM3,APJ,ANZ,ANZ,WA,Virat Kohli,Hermione Root,Alien Affairs and Barter,CUST-6732136,9352621,7840012,Consulting,2021-09-27,HOLD,ALIE6913,Steve Potter,,Server,62800,0,
23Q1,Sep,2022-01-27,2021-05-30,APJ,ANZ,ANZ-ENT-CEN,ANZ-ENT-CEN-EAM3,APJ,ANZ,ANZ,ACT,Virat Weasley,Hermione Smith,Martian Defence Network,CUST-3072860,6865508,8015831,Consulting,2021-09-27,HOLD,MART8887,Harry Granger,,Desktop,55900,0,
23Q1,Nov,2021-11-01,2021-03-12,APJ,ANZ,ANZ-ENT-CEN,ANZ-ENT-CEN-EAM3,APJ,ANZ,ANZ,VIC-TAS,Joe Kohli,Babar Smith,Martian Defence Network,CUST-3872799,4812395,1936591,Consulting,2021-09-27,HOLD,MART4166,Hermione Smith,,Desktop,24000,0,
22Q3,Nov,2021-11-14,2021-03-27,APJ,ANZ,ANZ-ENT-CEN,ANZ-ENT-CEN-EAM3,APJ,ANZ,ANZ,ACT,Babar Root,Steve Kohli,Alien Affairs and Barter,CUST-1075724,5006907,2254920,Consulting,2021-09-27,HOLD,ALIE6267,Harry Granger,,Server,37100,0,
22Q4,Aug,2022-03-15,2021-02-03,APJ,ANZ,ANZ-ENT-CEN,ANZ-ENT-CEN-EAM3,APJ,ANZ,ANZ,QLD-NT,Virat Weasley,Hermione Azam,Plutopac,CUST-1796375,7761982,3893794,Consulting,2021-09-27,HOLD,PLUT9018,Hermione Potter,,Server,73500,0,
23Q1,Jul,2022-01-28,2021-02-12,APJ,ANZ,ANZ-ENT-CEN,ANZ-ENT-CEN-EAM3,APJ,ANZ,ANZ,ACT,Ron Potter,Babar Granger,Plutopac,CUST-4756336,4170172,4883644,Consulting,2021-09-27,HOLD,PLUT9373,Steve Smith,,Desktop,7800,0,
22Q4,Jun,2021-11-07,2021-07-18,APJ,ANZ,ANZ-ENT-CEN,ANZ-ENT-CEN-EAM3,APJ,ANZ,ANZ,VIC-TAS,Harry Potter,Steve Granger,Plutopac,CUST-2733330,5509482,6311122,Consulting,2021-09-27,HOLD,PLUT3701,Babar Granger,,Server,59800,0,
23Q2,Oct,2022-03-16,2021-07-08,APJ,ANZ,ANZ-ENT-CEN,ANZ-ENT-CEN-EAM3,APJ,ANZ,ANZ,VIC-TAS,Virat Smith,Babar Smith,Martian Defence Network,CUST-7803528,3760500,4633484,Consulting,2021-09-27,HOLD,MART8186,Steve Smith,,Desktop,9600,0,
22Q4,Dec,2022-05-06,2021-08-12,APJ,ANZ,ANZ-ENT-CEN,ANZ-ENT-CEN-EAM3,APJ,ANZ,ANZ,NSW,Steve Root,Babar Granger,Mercury Mining,CUST-2874929,8191144,5108828,Consulting,2021-09-27,HOLD,MERC8543,Ron Weasley,,Server,55200,0,
23Q1,Dec,2021-11-09,2021-06-05,APJ,ANZ,ANZ-ENT-CEN,ANZ-ENT-CEN-EAM3,APJ,ANZ,ANZ,WA,Ron Granger,Harry Kohli,Alien Affairs and Barter,CUST-3112228,2825336,5427510,Consulting,2021-09-27,HOLD,ALIE1414,Virat Smith,,Desktop,30400,0,
22Q3,Sep,2022-02-10,2021-08-06,APJ,ANZ,ANZ-ENT-CEN,ANZ-ENT-CEN-EAM3,APJ,ANZ,ANZ,NSW,Joe Smith,Babar Kohli,Mercury Mining,CUST-1191431,3811104,8347269,Consulting,2021-09-27,HOLD,MERC8287,Steve Azam,,Desktop,16500,0,
23Q2,Nov,2022-05-02,2021-07-05,APJ,ANZ,ANZ-ENT-CEN,ANZ-ENT-CEN-EAM3,APJ,ANZ,ANZ,VIC-TAS,Babar Granger,Virat Root,Martian Defence Network,CUST-9750210,7347543,6154985,Consulting,2021-09-27,HOLD,MART3327,Harry Granger,,Server,79300,0,
22Q4,Feb,2022-02-17,2021-02-19,APJ,ANZ,ANZ-ENT-CEN,ANZ-ENT-CEN-EAM3,APJ,ANZ,ANZ,ACT,Hermione Potter,Virat Smith,Alien Affairs and Barter,CUST-1335749,9096364,7923177,Consulting,2021-09-27,HOLD,ALIE8135,Hermione Azam,,Desktop,60400,0,
23Q2,Feb,2022-01-04,2021-07-12,APJ,ANZ,ANZ-ENT-CEN,ANZ-ENT-CEN-EAM3,APJ,ANZ,ANZ,NSW,Virat Azam,Steve Granger,Mercury Mining,CUST-4641864,2440141,1503651,Consulting,2021-09-27,HOLD,MERC1368,Virat Root,,Desktop,38300,0,
23Q2,Oct,2022-01-05,2021-07-19,APJ,ANZ,ANZ-ENT-CEN,ANZ-ENT-CEN-EAM3,APJ,ANZ,ANZ,QLD-NT,Hermione Potter,Ron Root,Plutopac,CUST-5649624,8185343,4395734,Consulting,2021-09-27,HOLD,PLUT9467,Virat Root,,Server,58800,0,
22Q4,Apr,2021-12-24,2021-02-11,APJ,ANZ,ANZ-ENT-CEN,ANZ-ENT-CEN-EAM3,APJ,ANZ,ANZ,VIC-TAS,Ron Potter,Harry Weasley,Solar-System Federation Bank,CUST-1009829,8785666,1985661,Consulting,2021-09-27,HOLD,SOLA3639,Joe Root,,Desktop,20200,0,
22Q3,Mar,2022-01-02,2021-05-18,APJ,ANZ,ANZ-ENT-CEN,ANZ-ENT-CEN-EAM3,APJ,ANZ,ANZ,ACT,Harry Weasley,Babar Azam,Uranus Trade and Investment,CUST-5470364,3606978,8368858,Consulting,2021-09-27,HOLD,URAN1375,Joe Smith,,Desktop,17500,0,
23Q2,May,2021-11-05,2021-02-20,APJ,ANZ,ANZ-ENT-CEN,ANZ-ENT-CEN-EAM3,APJ,ANZ,ANZ,VIC-TAS,Babar Kohli,Joe Weasley,Alien Affairs and Barter,CUST-5055444,2199175,6253978,Consulting,2021-09-27,HOLD,ALIE2388,Ron Weasley,,Desktop,41500,0,
23Q1,Feb,2022-03-02,2021-07-13,APJ,ANZ,ANZ-ENT-CEN,ANZ-ENT-CEN-EAM3,APJ,ANZ,ANZ,NSW,Steve Granger,Virat Azam,Martian Romance,CUST-3822964,7658258,5303186,Consulting,2021-09-27,HOLD,MART8017,Steve Weasley,,Desktop,15800,0,
23Q2,May,2022-04-15,2021-08-18,APJ,ANZ,ANZ-ENT-CEN,ANZ-ENT-CEN-EAM3,APJ,ANZ,ANZ,VIC-TAS,Ron Weasley,Harry Azam,Solar-System Federation Bank,CUST-4441861,6312803,9953208,Consulting,2021-09-27,HOLD,SOLA9464,Virat Root,,Desktop,24900,0,
23Q2,Mar,2022-04-11,2021-04-05,APJ,ANZ,ANZ-ENT-CEN,ANZ-ENT-CEN-EAM3,APJ,ANZ,ANZ,VIC-TAS,Babar Azam,Babar Granger,Martian Defence Network,CUST-1237497,8987020,4314505,Consulting,2021-09-27,HOLD,MART2744,Hermione Potter,,Desktop,28400,0,
23Q2,Mar,2022-03-09,2021-06-21,APJ,ANZ,ANZ-ENT-CEN,ANZ-ENT-CEN-EAM3,APJ,ANZ,ANZ,VIC-TAS,Steve Kohli,Harry Weasley,Plutopac,CUST-4231254,5480477,4078339,Consulting,2021-09-27,HOLD,PLUT7083,Virat Azam,,Server,27500,0,
23Q1,Dec,2021-12-23,2021-04-22,APJ,ANZ,ANZ-ENT-CEN,ANZ-ENT-CEN-EAM3,APJ,ANZ,ANZ,NSW,Steve Root,Hermione Root,Solar-System Federation Bank,CUST-6385281,5047210,2963639,Consulting,2021-09-27,HOLD,SOLA9832,Steve Root,,Desktop,76400,0,
22Q3,Jul,2021-12-25,2021-03-23,APJ,ANZ,ANZ-ENT-CEN,ANZ-ENT-CEN-EAM3,APJ,ANZ,ANZ,NSW,Hermione Potter,Ron Kohli,Plutopac,CUST-4068488,1679430,6729374,Consulting,2021-09-27,HOLD,PLUT4311,Virat Kohli,,Server,28100,0,
23Q1,Aug,2021-12-13,2021-07-04,APJ,ANZ,ANZ-ENT-CEN,ANZ-ENT-CEN-EAM3,APJ,ANZ,ANZ,NSW,Babar Granger,Steve Azam,Martian Defence Network,CUST-4882571,7837260,8441502,Consulting,2021-09-27,HOLD,MART1715,Virat Azam,,Desktop,18700,0,
22Q4,May,2022-02-04,2021-03-31,APJ,ANZ,ANZ-ENT-CEN,ANZ-ENT-CEN-EAM3,APJ,ANZ,ANZ,VIC-TAS,Harry Smith,Virat Root,Mercury Mining,CUST-1048403,8363651,2814778,Consulting,2021-09-27,HOLD,MERC8708,Steve Granger,,Desktop,73600,0,
23Q2,Jan,2021-11-29,2021-05-31,APJ,ANZ,ANZ-ENT-CEN,ANZ-ENT-CEN-EAM3,APJ,ANZ,ANZ,SA,Babar Weasley,Babar Weasley,Martian Defence Network,CUST-5469560,2251877,8279618,Consulting,2021-09-27,HOLD,MART6689,Joe Weasley,,Server,14400,0,
23Q1,Aug,2022-03-29,2021-07-09,APJ,ANZ,ANZ-ENT-CEN,ANZ-ENT-CEN-EAM3,APJ,ANZ,ANZ,VIC-TAS,Joe Azam,Joe Granger,Martian Romance,CUST-5921419,5616698,3663118,Consulting,2021-09-27,HOLD,MART5299,Hermione Granger,,Desktop,18300,0,
22Q3,May,2022-04-02,2021-03-11,APJ,ANZ,ANZ-ENT-CEN,ANZ-ENT-CEN-EAM3,APJ,ANZ,ANZ,VIC-TAS,Joe Weasley,Virat Root,Alien Affairs and Barter,CUST-8550418,1117097,4786060,Consulting,2021-09-27,HOLD,ALIE2450,Joe Weasley,,Server,16100,0,
23Q1,May,2022-03-01,2021-06-04,APJ,ANZ,ANZ-ENT-CEN,ANZ-ENT-CEN-EAM3,APJ,ANZ,ANZ,QLD-NT,Harry Smith,Babar Granger,Martian Romance,CUST-6868029,1646047,3991095,Consulting,2021-09-27,HOLD,MART3875,Hermione Azam,,Desktop,47500,0,
22Q4,Dec,2021-12-29,2021-04-01,APJ,ANZ,ANZ-ENT-CEN,ANZ-ENT-CEN-EAM3,APJ,ANZ,ANZ,NSW,Virat Azam,Harry Kohli,Plutopac,CUST-6368276,3520572,2126893,Consulting,2021-09-27,HOLD,PLUT9475,Ron Root,,Desktop,56800,0,
22Q3,Apr,2021-10-31,2021-07-04,APJ,ANZ,ANZ-ENT-CEN,ANZ-ENT-CEN-EAM3,APJ,ANZ,ANZ,NSW,Babar Smith,Hermione Weasley,Uranus Trade and Investment,CUST-9258352,3466234,3264218,Consulting,2021-09-27,HOLD,URAN8413,Joe Kohli,,Desktop,37500,0,
23Q2,Mar,2022-01-27,2021-05-10,APJ,ANZ,ANZ-ENT-CEN,ANZ-ENT-CEN-EAM3,APJ,ANZ,ANZ,SA,Harry Smith,Harry Smith,Alien Affairs and Barter,CUST-3694142,6956134,4679623,Consulting,2021-09-27,HOLD,ALIE8471,Babar Kohli,,Desktop,9700,0,
23Q2,Oct,2021-12-31,2021-03-09,APJ,ANZ,ANZ-ENT-CEN,ANZ-ENT-CEN-EAM3,APJ,ANZ,ANZ,ACT,Ron Azam,Joe Kohli,Solar-System Federation Bank,CUST-1202811,4850446,7998280,Consulting,2021-09-27,HOLD,SOLA4395,Joe Weasley,,Server,26500,0,
22Q4,Aug,2022-04-13,2021-03-29,APJ,ANZ,ANZ-ENT-CEN,ANZ-ENT-CEN-EAM3,APJ,ANZ,ANZ,ACT,Ron Smith,Hermione Root,Alien Affairs and Barter,CUST-3094551,3973504,8936132,Consulting,2021-09-27,HOLD,ALIE9300,Harry Kohli,,Desktop,21600,0,
23Q2,May,2022-01-21,2021-05-31,APJ,ANZ,ANZ-ENT-CEN,ANZ-ENT-CEN-EAM3,APJ,ANZ,ANZ,NSW,Steve Root,Ron Granger,Martian Defence Network,CUST-9564441,1905291,9667463,Consulting,2021-09-27,HOLD,MART9265,Harry Root,,Server,79800,0,
23Q1,Dec,2022-04-03,2021-05-03,APJ,ANZ,ANZ-ENT-CEN,ANZ-ENT-CEN-EAM3,APJ,ANZ,ANZ,ACT,Hermione Root,Virat Azam,Plutopac,CUST-9380632,4712706,2272187,Consulting,2021-09-27,HOLD,PLUT8800,Joe Smith,,Server,26400,0,
22Q3,Aug,2022-04-25,2021-03-01,APJ,ANZ,ANZ-ENT-CEN,ANZ-ENT-CEN-EAM3,APJ,ANZ,ANZ,WA,Ron Smith,Babar Kohli,Solar-System Federation Bank,CUST-2703113,1020473,9200328,Consulting,2021-09-27,HOLD,SOLA4316,Joe Kohli,,Server,73100,0,
22Q4,Jun,2022-01-28,2021-04-11,APJ,ANZ,ANZ-ENT-CEN,ANZ-ENT-CEN-EAM3,APJ,ANZ,ANZ,VIC-TAS,Harry Azam,Babar Smith,Alien Affairs and Barter,CUST-9475527,6122185,7210937,Consulting,2021-09-27,HOLD,ALIE9346,Babar Azam,,Server,4100,0,
23Q2,Sep,2022-04-12,2021-02-07,APJ,ANZ,ANZ-ENT-CEN,ANZ-ENT-CEN-EAM3,APJ,ANZ,ANZ,QLD-NT,Ron Azam,Ron Kohli,Martian Defence Network,CUST-4902989,4734848,2531053,Consulting,2021-09-27,HOLD,MART1004,Harry Potter,,Desktop,67800,0,
23Q1,May,2021-12-16,2021-02-16,APJ,ANZ,ANZ-ENT-CEN,ANZ-ENT-CEN-EAM3,APJ,ANZ,ANZ,ACT,Babar Potter,Virat Potter,Uranus Trade and Investment,CUST-4349651,1090870,9808016,Consulting,2021-09-27,HOLD,URAN3552,Virat Weasley,,Server,72800,0,
23Q1,Jul,2021-11-05,2021-07-08,APJ,ANZ,ANZ-ENT-CEN,ANZ-ENT-CEN-EAM3,APJ,ANZ,ANZ,VIC-TAS,Joe Potter,Hermione Smith,Alien Affairs and Barter,CUST-1981224,4021159,1306005,Consulting,2021-09-27,HOLD,ALIE9533,Ron Potter,,Desktop,78800,0,
22Q4,Oct,2022-05-02,2021-03-24,APJ,ANZ,ANZ-ENT-CEN,ANZ-ENT-CEN-EAM3,APJ,ANZ,ANZ,VIC-TAS,Virat Azam,Virat Azam,Plutopac,CUST-8380048,4172059,8107169,Consulting,2021-09-27,HOLD,PLUT9412,Steve Weasley,,Desktop,29900,0,
22Q4,Nov,2022-01-07,2021-02-26,APJ,ANZ,ANZ-ENT-CEN,ANZ-ENT-CEN-EAM3,APJ,ANZ,ANZ,WA,Ron Smith,Virat Kohli,Uranus Trade and Investment,CUST-4066022,1324936,2113827,Consulting,2021-09-27,HOLD,URAN1300,Virat Smith,,Server,75400,0,
22Q3,May,2022-04-21,2021-02-11,APJ,ANZ,ANZ-ENT-CEN,ANZ-ENT-CEN-EAM3,APJ,ANZ,ANZ,NSW,Babar Weasley,Joe Smith,Uranus Trade and Investment,CUST-3410886,1085896,9555545,Consulting,2021-09-27,HOLD,URAN1758,Steve Smith,,Server,54800,0,
22Q3,Aug,2021-12-13,2021-04-29,APJ,ANZ,ANZ-ENT-CEN,ANZ-ENT-CEN-EAM3,APJ,ANZ,ANZ,ACT,Steve Weasley,Steve Potter,Martian Romance,CUST-6451969,2034403,6564199,Consulting,2021-09-27,HOLD,MART4239,Ron Smith,,Desktop,71500,0,
22Q3,Jan,2021-12-06,2021-06-28,APJ,ANZ,ANZ-ENT-CEN,ANZ-ENT-CEN-EAM3,APJ,ANZ,ANZ,SA,Joe Weasley,Hermione Azam,Alien Affairs and Barter,CUST-1664487,1370111,2563984,Consulting,2021-09-27,HOLD,ALIE8319,Babar Weasley,,Desktop,71000,0,
22Q3,Mar,2021-11-12,2021-07-24,APJ,ANZ,ANZ-ENT-CEN,ANZ-ENT-CEN-EAM3,APJ,ANZ,ANZ,ACT,Harry Smith,Babar Root,Martian Defence Network,CUST-6725526,7186928,4036923,Consulting,2021-09-27,HOLD,MART3245,Harry Root,,Desktop,69500,0,
23Q1,Feb,2021-12-23,2021-03-30,APJ,ANZ,ANZ-ENT-CEN,ANZ-ENT-CEN-EAM3,APJ,ANZ,ANZ,WA,Babar Granger,Harry Azam,Mercury Mining,CUST-6760001,9830567,8573388,Consulting,2021-09-27,HOLD,MERC9728,Hermione Smith,,Server,24700,0,
22Q4,Mar,2022-05-12,2021-04-28,APJ,ANZ,ANZ-ENT-CEN,ANZ-ENT-CEN-EAM3,APJ,ANZ,ANZ,ACT,Ron Smith,Harry Smith,Mercury Mining,CUST-8011077,3747983,7146925,Consulting,2021-09-27,HOLD,MERC4467,Babar Potter,,Server,79800,0,
22Q3,Jul,2021-12-30,2021-07-27,APJ,ANZ,ANZ-ENT-CEN,ANZ-ENT-CEN-EAM3,APJ,ANZ,ANZ,QLD-NT,Harry Azam,Ron Root,Martian Romance,CUST-1960556,1769526,1205449,Consulting,2021-09-27,HOLD,MART3256,Hermione Root,,Desktop,60500,0,
22Q4,Apr,2022-03-10,2021-07-16,APJ,ANZ,ANZ-ENT-CEN,ANZ-ENT-CEN-EAM3,APJ,ANZ,ANZ,ACT,Hermione Potter,Harry Kohli,Martian Defence Network,CUST-4248392,5332924,7784253,Consulting,2021-09-27,HOLD,MART6967,Babar Weasley,,Desktop,41800,0,
22Q3,May,2022-01-11,2021-05-24,APJ,ANZ,ANZ-ENT-CEN,ANZ-ENT-CEN-EAM3,APJ,ANZ,ANZ,NSW,Joe Azam,Joe Weasley,Plutopac,CUST-1207440,4887237,8408911,Consulting,2021-09-27,HOLD,PLUT5608,Hermione Kohli,,Server,48300,0,
22Q4,Jan,2022-01-19,2021-07-29,APJ,ANZ,ANZ-ENT-CEN,ANZ-ENT-CEN-EAM3,APJ,ANZ,ANZ,SA,Babar Potter,Hermione Root,Solar-System Federation Bank,CUST-7018424,7400152,3367276,Consulting,2021-09-27,HOLD,SOLA8892,Babar Weasley,,Desktop,24400,0,
23Q2,Jan,2022-01-31,2021-08-18,APJ,ANZ,ANZ-ENT-CEN,ANZ-ENT-CEN-EAM3,APJ,ANZ,ANZ,SA,Joe Root,Harry Smith,Uranus Trade and Investment,CUST-7239260,6006026,4715591,Consulting,2021-09-27,HOLD,URAN9905,Harry Kohli,,Desktop,25300,0,
23Q2,Apr,2022-03-28,2021-05-22,APJ,ANZ,ANZ-ENT-CEN,ANZ-ENT-CEN-EAM3,APJ,ANZ,ANZ,NSW,Babar Weasley,Virat Azam,Plutopac,CUST-8501136,5533952,7247137,Consulting,2021-09-27,HOLD,PLUT7589,Joe Azam,,Server,26700,0,
23Q1,Sep,2022-04-21,2021-05-14,APJ,ANZ,ANZ-ENT-CEN,ANZ-ENT-CEN-EAM3,APJ,ANZ,ANZ,NSW,Steve Granger,Virat Weasley,Solar-System Federation Bank,CUST-7504984,7621329,3176934,Consulting,2021-09-27,HOLD,SOLA8277,Harry Weasley,,Desktop,69900,0,
22Q3,Nov,2022-04-05,2021-07-03,APJ,ANZ,ANZ-ENT-CEN,ANZ-ENT-CEN-EAM3,APJ,ANZ,ANZ,ACT,Harry Root,Harry Weasley,Alien Affairs and Barter,CUST-7631255,8781216,6212890,Consulting,2021-09-27,HOLD,ALIE2906,Virat Potter,,Desktop,77000,0,
23Q1,Mar,2022-02-28,2021-04-23,APJ,ANZ,ANZ-ENT-CEN,ANZ-ENT-CEN-EAM3,APJ,ANZ,ANZ,ACT,Ron Weasley,Harry Weasley,Uranus Trade and Investment,CUST-6338784,3200541,6873468,Consulting,2021-09-27,HOLD,URAN2964,Babar Smith,,Server,72500,0,
23Q2,Aug,2022-02-23,2021-03-13,APJ,ANZ,ANZ-ENT-CEN,ANZ-ENT-CEN-EAM3,APJ,ANZ,ANZ,NSW,Steve Root,Hermione Root,Martian Defence Network,CUST-7309400,4059665,1809935,Consulting,2021-09-27,HOLD,MART7762,Hermione Weasley,,Desktop,69700,0,
22Q4,May,2021-12-13,2021-05-08,APJ,ANZ,ANZ-ENT-CEN,ANZ-ENT-CEN-EAM3,APJ,ANZ,ANZ,ACT,Babar Potter,Ron Root,Plutopac,CUST-7475190,9392707,6425230,Consulting,2021-09-27,HOLD,PLUT4692,Ron Smith,,Server,6700,0,
22Q4,Dec,2022-04-30,2021-06-22,APJ,ANZ,ANZ-ENT-CEN,ANZ-ENT-CEN-EAM3,APJ,ANZ,ANZ,ACT,Joe Smith,Joe Smith,Alien Affairs and Barter,CUST-6224438,4666855,9926251,Consulting,2021-09-27,HOLD,ALIE9006,Virat Azam,,Desktop,19200,0,
22Q4,Sep,2022-03-18,2021-02-12,APJ,ANZ,ANZ-ENT-CEN,ANZ-ENT-CEN-EAM3,APJ,ANZ,ANZ,ACT,Hermione Kohli,Hermione Granger,Mercury Mining,CUST-2267114,8961706,1620574,Consulting,2021-09-27,HOLD,MERC2971,Ron Potter,,Server,56500,0,
22Q3,Mar,2021-12-26,2021-04-30,APJ,ANZ,ANZ-ENT-CEN,ANZ-ENT-CEN-EAM3,APJ,ANZ,ANZ,VIC-TAS,Joe Azam,Babar Azam,Plutopac,CUST-2704104,6668571,7585847,Consulting,2021-09-27,HOLD,PLUT5230,Babar Granger,,Desktop,74400,0,
22Q3,Jul,2021-12-07,2021-08-20,APJ,ANZ,ANZ-ENT-CEN,ANZ-ENT-CEN-EAM3,APJ,ANZ,ANZ,VIC-TAS,Steve Root,Babar Potter,Alien Affairs and Barter,CUST-1280053,6944892,9667939,Consulting,2021-09-27,HOLD,ALIE4056,Harry Potter,,Server,66600,0,
23Q2,Sep,2022-03-31,2021-06-15,APJ,ANZ,ANZ-ENT-CEN,ANZ-ENT-CEN-EAM3,APJ,ANZ,ANZ,VIC-TAS,Babar Azam,Hermione Granger,Plutopac,CUST-1892110,2100525,2890439,Consulting,2021-09-27,HOLD,PLUT7433,Virat Potter,,Server,11500,0,
23Q1,Jan,2021-12-02,2021-08-01,APJ,ANZ,ANZ-ENT-CEN,ANZ-ENT-CEN-EAM3,APJ,ANZ,ANZ,NSW,Joe Granger,Steve Weasley,Martian Defence Network,CUST-6579749,8166141,9149060,Consulting,2021-09-27,HOLD,MART7559,Steve Kohli,,Server,26400,0,
22Q4,Apr,2022-05-21,2021-04-17,APJ,ANZ,ANZ-ENT-CEN,ANZ-ENT-CEN-EAM3,APJ,ANZ,ANZ,SA,Harry Potter,Harry Potter,Solar-System Federation Bank,CUST-4830537,1257615,7921843,Consulting,2021-09-27,HOLD,SOLA5018,Harry Weasley,,Desktop,34400,0,
23Q2,May,2022-01-01,2021-03-01,APJ,ANZ,ANZ-ENT-CEN,ANZ-ENT-CEN-EAM3,APJ,ANZ,ANZ,ACT,Ron Azam,Virat Potter,Plutopac,CUST-5077884,8436981,2790081,Consulting,2021-09-27,HOLD,PLUT1203,Joe Smith,,Desktop,76000,0,
22Q3,Aug,2021-12-19,2021-05-06,APJ,ANZ,ANZ-ENT-CEN,ANZ-ENT-CEN-EAM3,APJ,ANZ,ANZ,WA,Hermione Root,Joe Weasley,Uranus Trade and Investment,CUST-6925668,2319472,8895000,Consulting,2021-09-27,HOLD,URAN1927,Hermione Weasley,,Desktop,28600,0,
23Q2,Jan,2022-03-18,2021-03-06,APJ,ANZ,ANZ-ENT-CEN,ANZ-ENT-CEN-EAM3,APJ,ANZ,ANZ,ACT,Babar Weasley,Babar Potter,Plutopac,CUST-8991652,5421051,2796826,Consulting,2021-09-27,HOLD,PLUT3138,Virat Granger,,Server,51500,0,
22Q4,Nov,2021-12-17,2021-05-11,APJ,ANZ,ANZ-ENT-CEN,ANZ-ENT-CEN-EAM3,APJ,ANZ,ANZ,ACT,Ron Smith,Ron Azam,Mercury Mining,CUST-5698154,9823629,2236705,Consulting,2021-09-27,HOLD,MERC9624,Ron Granger,,Desktop,42100,0,
22Q3,Jan,2022-04-28,2021-07-19,APJ,ANZ,ANZ-ENT-CEN,ANZ-ENT-CEN-EAM3,APJ,ANZ,ANZ,ACT,Harry Granger,Ron Smith,Plutopac,CUST-6898187,1951271,4848288,Consulting,2021-09-27,HOLD,PLUT4600,Hermione Root,,Desktop,77600,0,
22Q3,Feb,2022-05-08,2021-04-18,APJ,ANZ,ANZ-ENT-CEN,ANZ-ENT-CEN-EAM3,APJ,ANZ,ANZ,ACT,Ron Weasley,Joe Weasley,Solar-System Federation Bank,CUST-9170077,6662488,6666861,Consulting,2021-09-27,HOLD,SOLA2495,Hermione Weasley,,Desktop,47100,0,
22Q4,Dec,2021-11-26,2021-06-24,APJ,ANZ,ANZ-ENT-CEN,ANZ-ENT-CEN-EAM3,APJ,ANZ,ANZ,NSW,Ron Azam,Babar Weasley,Alien Affairs and Barter,CUST-8996253,8187069,1506180,Consulting,2021-09-27,HOLD,ALIE5370,Ron Weasley,,Desktop,32600,0,
22Q4,Mar,2022-01-08,2021-04-22,APJ,ANZ,ANZ-ENT-CEN,ANZ-ENT-CEN-EAM3,APJ,ANZ,ANZ,SA,Joe Granger,Steve Kohli,Uranus Trade and Investment,CUST-4879241,5953745,6131147,Consulting,2021-09-27,HOLD,URAN3506,Babar Granger,,Desktop,30100,0,
23Q2,Mar,2021-12-06,2021-06-03,APJ,ANZ,ANZ-ENT-CEN,ANZ-ENT-CEN-EAM3,APJ,ANZ,ANZ,NSW,Virat Weasley,Hermione Smith,Solar-System Federation Bank,CUST-3475275,7027737,6379408,Consulting,2021-09-27,HOLD,SOLA9752,Ron Azam,,Desktop,68700,0,
23Q2,Dec,2022-01-21,2021-07-31,APJ,ANZ,ANZ-ENT-CEN,ANZ-ENT-CEN-EAM3,APJ,ANZ,ANZ,VIC-TAS,Virat Weasley,Hermione Weasley,Uranus Trade and Investment,CUST-9154339,7436253,3497769,Consulting,2021-09-27,HOLD,URAN2599,Hermione Root,,Desktop,34600,0,
22Q3,May,2021-12-17,2021-01-31,APJ,ANZ,ANZ-ENT-CEN,ANZ-ENT-CEN-EAM3,APJ,ANZ,ANZ,NSW,Joe Smith,Virat Granger,Martian Romance,CUST-6979996,7228266,5905889,Consulting,2021-09-27,HOLD,MART5588,Harry Potter,,Desktop,59700,0,
23Q2,Oct,2021-10-29,2021-02-28,APJ,ANZ,ANZ-ENT-CEN,ANZ-ENT-CEN-EAM3,APJ,ANZ,ANZ,VIC-TAS,Steve Weasley,Joe Potter,Mercury Mining,CUST-2550555,2975291,5376816,Consulting,2021-09-27,HOLD,MERC9424,Joe Root,,Desktop,35400,0,
23Q2,Mar,2021-12-16,2021-08-03,APJ,ANZ,ANZ-ENT-CEN,ANZ-ENT-CEN-EAM3,APJ,ANZ,ANZ,ACT,Ron Azam,Joe Potter,Uranus Trade and Investment,CUST-2499591,5626215,9627809,Consulting,2021-09-27,HOLD,URAN3546,Ron Potter,,Server,45100,0,
22Q3,Mar,2022-03-31,2021-04-10,APJ,ANZ,ANZ-ENT-CEN,ANZ-ENT-CEN-EAM3,APJ,ANZ,ANZ,NSW,Steve Potter,Babar Kohli,Uranus Trade and Investment,CUST-5281657,3363352,7329611,Consulting,2021-09-27,HOLD,URAN4916,Babar Root,,Server,62200,0,
22Q3,Jul,2021-11-08,2021-05-13,APJ,ANZ,ANZ-ENT-CEN,ANZ-ENT-CEN-EAM3,APJ,ANZ,ANZ,SA,Babar Granger,Babar Root,Uranus Trade and Investment,CUST-3594594,3583281,6084014,Consulting,2021-09-27,HOLD,URAN5253,Virat Granger,,Desktop,2200,0,
22Q4,Jul,2022-01-15,2021-04-09,APJ,ANZ,ANZ-ENT-CEN,ANZ-ENT-CEN-EAM3,APJ,ANZ,ANZ,QLD-NT,Harry Smith,Babar Smith,Uranus Trade and Investment,CUST-6727727,6523387,3453775,Consulting,2021-09-27,HOLD,URAN8095,Babar Azam,,Server,10800,0,
23Q1,Dec,2021-12-25,2021-05-22,APJ,ANZ,ANZ-ENT-CEN,ANZ-ENT-CEN-EAM3,APJ,ANZ,ANZ,VIC-TAS,Harry Azam,Steve Smith,Uranus Trade and Investment,CUST-7856242,8214891,6658886,Consulting,2021-09-27,HOLD,URAN6055,Steve Granger,,Server,54100,0,
23Q1,Sep,2021-12-28,2021-03-15,APJ,ANZ,ANZ-ENT-CEN,ANZ-ENT-CEN-EAM3,APJ,ANZ,ANZ,NSW,Joe Root,Harry Potter,Plutopac,CUST-4827160,4662271,9503337,Consulting,2021-09-27,HOLD,PLUT7145,Harry Potter,,Desktop,52000,0,
22Q4,Feb,2021-12-12,2021-04-21,APJ,ANZ,ANZ-ENT-CEN,ANZ-ENT-CEN-EAM3,APJ,ANZ,ANZ,NSW,Virat Weasley,Harry Azam,Uranus Trade and Investment,CUST-1314629,4503484,6154496,Consulting,2021-09-27,HOLD,URAN3963,Joe Kohli,,Desktop,51300,0,
23Q1,Jan,2022-03-19,2021-01-31,APJ,ANZ,ANZ-ENT-CEN,ANZ-ENT-CEN-EAM3,APJ,ANZ,ANZ,SA,Harry Smith,Babar Potter,Plutopac,CUST-1436788,8987297,9409895,Consulting,2021-09-27,HOLD,PLUT5471,Hermione Weasley,,Desktop,18800,0,
22Q3,Jul,2022-04-05,2021-06-14,APJ,ANZ,ANZ-ENT-CEN,ANZ-ENT-CEN-EAM3,APJ,ANZ,ANZ,SA,Virat Weasley,Joe Smith,Uranus Trade and Investment,CUST-7513398,9460482,7319507,Consulting,2021-09-27,HOLD,URAN1611,Babar Root,,Desktop,10000,0,
23Q2,Jan,2022-02-13,2021-02-04,APJ,ANZ,ANZ-ENT-CEN,ANZ-ENT-CEN-EAM3,APJ,ANZ,ANZ,QLD-NT,Hermione Potter,Hermione Granger,Martian Defence Network,CUST-4348179,4136250,3605727,Consulting,2021-09-27,HOLD,MART3072,Joe Potter,,Server,6400,0,
23Q2,Nov,2022-01-21,2021-02-26,APJ,ANZ,ANZ-ENT-CEN,ANZ-ENT-CEN-EAM3,APJ,ANZ,ANZ,VIC-TAS,Babar Kohli,Joe Weasley,Plutopac,CUST-3861059,8507091,1587226,Consulting,2021-09-27,HOLD,PLUT9333,Joe Kohli,,Server,46700,0,
22Q3,Apr,2022-05-15,2021-02-08,APJ,ANZ,ANZ-ENT-CEN,ANZ-ENT-CEN-EAM3,APJ,ANZ,ANZ,ACT,Ron Azam,Joe Granger,Mercury Mining,CUST-7410255,2573657,2000098,Consulting,2021-09-27,HOLD,MERC8842,Harry Smith,,Desktop,46100,0,
22Q3,Mar,2022-01-01,2021-04-20,APJ,ANZ,ANZ-ENT-CEN,ANZ-ENT-CEN-EAM3,APJ,ANZ,ANZ,ACT,Steve Potter,Virat Potter,Mercury Mining,CUST-7343549,8693925,2517642,Consulting,2021-09-27,HOLD,MERC3864,Babar Granger,,Server,33800,0,
23Q2,Feb,2022-04-11,2021-04-28,APJ,ANZ,ANZ-ENT-CEN,ANZ-ENT-CEN-EAM3,APJ,ANZ,ANZ,NSW,Joe Granger,Joe Kohli,Solar-System Federation Bank,CUST-7033528,4627118,8184487,Consulting,2021-09-27,HOLD,SOLA3169,Hermione Azam,,Server,44600,0,
23Q2,Apr,2022-03-14,2021-05-25,APJ,ANZ,ANZ-ENT-CEN,ANZ-ENT-CEN-EAM3,APJ,ANZ,ANZ,VIC-TAS,Ron Kohli,Babar Granger,Alien Affairs and Barter,CUST-1575670,2437295,5083792,Consulting,2021-09-27,HOLD,ALIE1422,Hermione Potter,,Server,79400,0,
23Q1,Sep,2022-04-07,2021-04-06,APJ,ANZ,ANZ-ENT-CEN,ANZ-ENT-CEN-EAM3,APJ,ANZ,ANZ,NSW,Steve Smith,Steve Azam,Martian Defence Network,CUST-3345315,7666486,5538287,Consulting,2021-09-27,HOLD,MART9206,Steve Azam,,Server,78100,0,
