Engagement Id,Project Manager,CSE,TAM,EAM
ALIE2139,Ron Kohli,Joe Weasley,Babar Potter,Babar Kohli
SOLA3779,Steve Weasley,Ron Granger,Harry Root,Steve Root
MERC1090,Steve Weasley,Steve Kohli,Ron Smith,Joe Potter
ALIE1602,Harry Granger,Ron Smith,Joe Potter,Hermione Granger
ALIE7551,Virat Azam,Ron Potter,Joe Potter,Ron Azam
SOLA7239,Joe Weasley,Hermione Kohli,Joe Kohli,Steve Smith
SOLA6540,Babar Granger,Joe Potter,Virat Root,Virat Weasley
URAN8663,Steve Weasley,Virat Potter,Harry Weasley,Babar Smith
URAN6306,Babar Smith,Virat Azam,Joe Azam,Harry Weasley
PLUT3583,Ron Azam,Virat Kohli,Virat Smith,Ron Potter
MART8343,Hermione Smith,Joe Root,Hermione Root,Harry Weasley
MART4973,Harry Weasley,Hermione Granger,Babar Kohli,Harry Azam
MART3509,Harry Smith,Harry Azam,Steve Weasley,Virat Kohli
MART3838,Ron Root,Babar Smith,Ron Smith,Harry Root
ALIE5304,Joe Azam,Joe Potter,Steve Root,Steve Potter
MART7369,Virat Smith,Babar Kohli,Joe Potter,Hermione Kohli
SOLA3513,Ron Smith,Hermione Smith,Hermione Weasley,Hermione Kohli
PLUT2244,Babar Root,Babar Azam,Babar Granger,Steve Potter
ALIE7923,Harry Root,Hermione Potter,Steve Weasley,Joe Smith
MART2610,Harry Root,Babar Granger,Joe Root,Virat Smith
MERC1397,Ron Weasley,Joe Weasley,Ron Granger,Joe Potter
PLUT7061,Harry Weasley,Steve Potter,Joe Azam,Ron Potter
MART3505,Ron Potter,Ron Root,Virat Granger,Harry Smith
PLUT5759,Ron Granger,Ron Smith,Babar Granger,Virat Smith
MART2885,Steve Potter,Hermione Smith,Virat Granger,Virat Kohli
MART5724,Ron Azam,Joe Kohli,Virat Root,Steve Kohli
MART5612,Hermione Granger,Babar Azam,Babar Azam,Babar Granger
MART2093,Ron Weasley,Steve Granger,Ron Root,Ron Smith
MART6885,Virat Granger,Virat Root,Harry Root,Joe Kohli
URAN4841,Hermione Smith,Ron Granger,Ron Azam,Steve Granger
ALIE4553,Babar Kohli,Hermione Azam,Harry Potter,Babar Weasley
MART7307,Steve Azam,Babar Azam,Babar Azam,Steve Root
SOLA5426,Steve Root,Virat Weasley,Steve Azam,Harry Smith
PLUT4880,Ron Weasley,Joe Azam,Steve Weasley,Hermione Weasley
MERC8836,Babar Granger,Harry Azam,Ron Granger,Babar Azam
ALIE6735,Harry Granger,Harry Azam,Harry Kohli,Hermione Potter
PLUT5882,Babar Root,Joe Weasley,Steve Granger,Babar Root
URAN8964,Steve Potter,Virat Potter,Joe Smith,Harry Weasley
SOLA7121,Babar Weasley,Harry Root,Joe Granger,Virat Root
MART7001,Joe Root,Babar Weasley,Hermione Kohli,Virat Weasley
ALIE5368,Virat Smith,Babar Smith,Joe Root,Virat Weasley
PLUT4135,Babar Granger,Hermione Smith,Ron Azam,Babar Kohli
MERC4466,Steve Root,Harry Weasley,Hermione Granger,Hermione Root
MART7739,Ron Granger,Virat Potter,Joe Weasley,Joe Azam
URAN6469,Joe Weasley,Virat Smith,Virat Smith,Ron Granger
MERC9022,Babar Smith,Hermione Kohli,Babar Root,Joe Weasley
ALIE3571,Harry Root,Joe Potter,Virat Granger,Virat Smith
ALIE6499,Steve Granger,Joe Smith,Ron Kohli,Babar Granger
MERC2539,Joe Azam,Joe Kohli,Ron Root,Joe Granger
SOLA5226,Harry Azam,Hermione Potter,Virat Kohli,Virat Smith
MART5316,Harry Smith,Ron Smith,Steve Potter,Joe Root
SOLA6227,Joe Granger,Joe Kohli,Steve Weasley,Steve Potter
MART1750,Joe Smith,Hermione Kohli,Babar Granger,Ron Granger
MART7605,Joe Azam,Steve Azam,Babar Potter,Virat Potter
MART3123,Babar Potter,Steve Kohli,Ron Kohli,Steve Root
ALIE1399,Ron Weasley,Joe Kohli,Joe Weasley,Ron Potter
SOLA7988,Harry Kohli,Virat Kohli,Joe Smith,Hermione Azam
PLUT8944,Steve Kohli,Hermione Weasley,Virat Granger,Virat Granger
ALIE6886,Virat Root,Babar Smith,Babar Kohli,Babar Azam
MART4314,Joe Weasley,Babar Weasley,Virat Azam,Steve Kohli
MART1299,Hermione Root,Harry Smith,Hermione Azam,Virat Root
PLUT5435,Harry Potter,Ron Granger,Steve Granger,Virat Azam
MERC2900,Joe Kohli,Ron Kohli,Virat Smith,Hermione Root
MART9184,Virat Azam,Steve Granger,Steve Kohli,Steve Root
PLUT8099,Babar Smith,Harry Granger,Harry Smith,Harry Weasley
MERC3417,Joe Azam,Ron Azam,Hermione Granger,Babar Weasley
URAN2552,Harry Root,Steve Weasley,Ron Potter,Harry Potter
ALIE1570,Virat Smith,Hermione Weasley,Hermione Potter,Joe Potter
MART4957,Steve Potter,Babar Weasley,Babar Root,Virat Kohli
MERC5246,Babar Smith,Steve Azam,Harry Smith,Virat Kohli
URAN5330,Virat Azam,Harry Kohli,Steve Kohli,Steve Root
SOLA8000,Babar Weasley,Steve Azam,Virat Granger,Babar Potter
MERC3841,Harry Azam,Steve Kohli,Babar Azam,Babar Granger
MART7658,Harry Kohli,Steve Kohli,Joe Smith,Harry Weasley
MERC8771,Babar Weasley,Hermione Azam,Steve Azam,Joe Smith
MART8178,Ron Potter,Babar Potter,Virat Weasley,Hermione Kohli
PLUT8983,Steve Azam,Babar Weasley,Steve Azam,Harry Granger
URAN9404,Virat Azam,Harry Azam,Joe Smith,Steve Granger
ALIE8722,Babar Weasley,Steve Kohli,Ron Granger,Ron Smith
URAN5711,Virat Weasley,Joe Potter,Hermione Root,Babar Potter
URAN8045,Virat Smith,Steve Smith,Joe Root,Ron Kohli
MERC6348,Hermione Smith,Joe Root,Babar Potter,Joe Kohli
MART3892,Steve Weasley,Joe Root,Harry Kohli,Hermione Potter
PLUT9551,Virat Granger,Ron Root,Ron Potter,Hermione Granger
ALIE1608,Virat Smith,Virat Potter,Ron Potter,Ron Smith
PLUT2430,Joe Root,Ron Kohli,Hermione Azam,Harry Potter
MERC3166,Hermione Granger,Virat Smith,Harry Potter,Steve Kohli
SOLA8449,Babar Granger,Hermione Root,Babar Granger,Ron Smith
URAN5062,Hermione Root,Steve Granger,Steve Granger,Joe Granger
MART7175,Ron Smith,Hermione Potter,Joe Azam,Joe Azam
ALIE3749,Ron Weasley,Hermione Kohli,Harry Potter,Ron Smith
ALIE9313,Ron Weasley,Virat Azam,Ron Smith,Hermione Azam
MART8036,Ron Potter,Babar Root,Ron Kohli,Babar Root
ALIE4347,Steve Weasley,Virat Potter,Babar Weasley,Joe Weasley
SOLA5612,Harry Kohli,Steve Smith,Steve Weasley,Hermione Potter
MART1586,Babar Potter,Ron Potter,Hermione Kohli,Joe Potter
MART2993,Harry Kohli,Harry Potter,Joe Granger,Harry Smith
MART2085,Virat Granger,Steve Azam,Babar Granger,Hermione Weasley
MERC6842,Joe Potter,Ron Granger,Joe Potter,Hermione Weasley
SOLA5460,Harry Weasley,Harry Granger,Harry Weasley,Ron Smith
URAN7120,Virat Smith,Harry Weasley,Babar Granger,Hermione Kohli
URAN4563,Harry Potter,Hermione Azam,Joe Weasley,Joe Granger
ALIE1197,Steve Azam,Steve Potter,Hermione Granger,Hermione Granger
MERC6180,Joe Root,Ron Root,Joe Root,Joe Azam
ALIE6913,Steve Potter,Babar Potter,Joe Smith,Joe Weasley
MART8887,Harry Granger,Ron Granger,Steve Kohli,Hermione Weasley
MART4166,Hermione Smith,Virat Weasley,Babar Potter,Virat Azam
ALIE6267,Harry Granger,Joe Kohli,Babar Granger,Ron Root
PLUT9018,Hermione Potter,Harry Granger,Ron Azam,Babar Weasley
PLUT9373,Steve Smith,Steve Potter,Babar Root,Joe Smith
PLUT3701,Babar Granger,Ron Weasley,Hermione Azam,Steve Root
MART8186,Steve Smith,Harry Root,Harry Root,Hermione Smith
MERC8543,Ron Weasley,Babar Potter,Steve Weasley,Joe Kohli
ALIE1414,Virat Smith,Hermione Potter,Steve Potter,Hermione Potter
MERC8287,Steve Azam,Ron Weasley,Ron Smith,Babar Root
MART3327,Harry Granger,Joe Potter,Babar Potter,Babar Kohli
ALIE8135,Hermione Azam,Steve Kohli,Harry Azam,Harry Azam
MERC1368,Virat Root,Steve Weasley,Steve Potter,Steve Smith
PLUT9467,Virat Root,Harry Kohli,Ron Smith,Babar Azam
SOLA3639,Joe Root,Babar Granger,Steve Kohli,Babar Root
URAN1375,Joe Smith,Ron Kohli,Steve Smith,Joe Smith
ALIE2388,Ron Weasley,Steve Smith,Babar Weasley,Harry Root
MART8017,Steve Weasley,Harry Root,Hermione Potter,Hermione Azam
SOLA9464,Virat Root,Joe Root,Babar Weasley,Joe Granger
MART2744,Hermione Potter,Joe Weasley,Ron Azam,Joe Smith
PLUT7083,Virat Azam,Joe Root,Joe Root,Virat Weasley
SOLA9832,Steve Root,Virat Weasley,Hermione Smith,Joe Potter
PLUT4311,Virat Kohli,Harry Root,Harry Weasley,Harry Azam
MART1715,Virat Azam,Ron Smith,Ron Azam,Hermione Granger
MERC8708,Steve Granger,Hermione Weasley,Steve Potter,Babar Azam
MART6689,Joe Weasley,Joe Granger,Hermione Root,Hermione Potter
MART5299,Hermione Granger,Virat Weasley,Joe Kohli,Virat Weasley
ALIE2450,Joe Weasley,Harry Granger,Joe Kohli,Steve Azam
MART3875,Hermione Azam,Steve Weasley,Ron Root,Steve Kohli
PLUT9475,Ron Root,Joe Potter,Hermione Potter,Steve Smith
URAN8413,Joe Kohli,Harry Kohli,Virat Weasley,Hermione Weasley
ALIE8471,Babar Kohli,Steve Root,Harry Potter,Ron Weasley
SOLA4395,Joe Weasley,Babar Granger,Ron Smith,Steve Root
ALIE9300,Harry Kohli,Babar Kohli,Virat Weasley,Steve Azam
MART9265,Harry Root,Babar Root,Harry Root,Harry Kohli
PLUT8800,Joe Smith,Harry Weasley,Steve Kohli,Virat Granger
SOLA4316,Joe Kohli,Joe Granger,Ron Weasley,Ron Smith
ALIE9346,Babar Azam,Hermione Kohli,Ron Granger,Joe Azam
MART1004,Harry Potter,Joe Weasley,Steve Kohli,Harry Granger
URAN3552,Virat Weasley,Virat Root,Harry Weasley,Joe Weasley
ALIE9533,Ron Potter,Joe Kohli,Joe Kohli,Joe Azam
PLUT9412,Steve Weasley,Steve Weasley,Joe Potter,Steve Smith
URAN1300,Virat Smith,Babar Potter,Steve Weasley,Hermione Azam
URAN1758,Steve Smith,Steve Kohli,Virat Smith,Harry Kohli
MART4239,Ron Smith,Ron Root,Harry Granger,Harry Kohli
ALIE8319,Babar Weasley,Babar Root,Hermione Granger,Harry Smith
MART3245,Harry Root,Steve Weasley,Virat Root,Hermione Azam
MERC9728,Hermione Smith,Virat Granger,Hermione Smith,Virat Granger
MERC4467,Babar Potter,Joe Granger,Virat Weasley,Hermione Azam
MART3256,Hermione Root,Harry Root,Ron Weasley,Ron Azam
MART6967,Babar Weasley,Ron Weasley,Virat Weasley,Joe Azam
PLUT5608,Hermione Kohli,Babar Potter,Steve Root,Virat Root
SOLA8892,Babar Weasley,Hermione Smith,Steve Granger,Hermione Granger
URAN9905,Harry Kohli,Harry Smith,Joe Granger,Ron Granger
PLUT7589,Joe Azam,Babar Potter,Babar Azam,Hermione Azam
SOLA8277,Harry Weasley,Ron Granger,Harry Weasley,Virat Potter
ALIE2906,Virat Potter,Steve Weasley,Steve Granger,Ron Kohli
URAN2964,Babar Smith,Virat Root,Harry Potter,Virat Azam
MART7762,Hermione Weasley,Harry Weasley,Harry Azam,Virat Smith
PLUT4692,Ron Smith,Joe Root,Ron Azam,Babar Root
ALIE9006,Virat Azam,Hermione Azam,Babar Kohli,Virat Smith
MERC2971,Ron Potter,Joe Kohli,Steve Potter,Ron Smith
PLUT5230,Babar Granger,Harry Granger,Hermione Root,Babar Kohli
ALIE4056,Harry Potter,Harry Potter,Hermione Root,Ron Smith
PLUT7433,Virat Potter,Ron Granger,Babar Granger,Babar Smith
MART7559,Steve Kohli,Steve Potter,Steve Weasley,Virat Azam
SOLA5018,Harry Weasley,Ron Smith,Virat Weasley,Joe Potter
PLUT1203,Joe Smith,Babar Root,Steve Weasley,Babar Weasley
URAN1927,Hermione Weasley,Steve Root,Joe Azam,Steve Granger
PLUT3138,Virat Granger,Babar Kohli,Joe Weasley,Harry Root
MERC9624,Ron Granger,Ron Kohli,Ron Azam,Virat Smith
PLUT4600,Hermione Root,Steve Smith,Hermione Granger,Joe Root
SOLA2495,Hermione Weasley,Joe Smith,Harry Azam,Joe Root
ALIE5370,Ron Weasley,Harry Kohli,Virat Smith,Ron Smith
URAN3506,Babar Granger,Steve Granger,Babar Smith,Babar Smith
SOLA9752,Ron Azam,Virat Root,Virat Potter,Ron Granger
URAN2599,Hermione Root,Joe Potter,Harry Granger,Hermione Azam
MART5588,Harry Potter,Steve Kohli,Ron Root,Steve Kohli
MERC9424,Joe Root,Virat Azam,Steve Potter,Virat Potter
URAN3546,Ron Potter,Joe Root,Harry Kohli,Joe Kohli
URAN4916,Babar Root,Babar Smith,Ron Granger,Hermione Weasley
URAN5253,Virat Granger,Virat Azam,Babar Root,Harry Potter
URAN8095,Babar Azam,Ron Granger,Steve Smith,Hermione Weasley
URAN6055,Steve Granger,Babar Root,Babar Root,Joe Azam
PLUT7145,Harry Potter,Babar Potter,Harry Weasley,Virat Smith
URAN3963,Joe Kohli,Harry Potter,Steve Granger,Joe Azam
PLUT5471,Hermione Weasley,Virat Weasley,Steve Granger,Babar Weasley
URAN1611,Babar Root,Joe Potter,Virat Root,Harry Azam
MART3072,Joe Potter,Harry Root,Harry Smith,Steve Kohli
PLUT9333,Joe Kohli,Virat Potter,Babar Root,Ron Potter
MERC8842,Harry Smith,Harry Root,Hermione Smith,Ron Root
MERC3864,Babar Granger,Joe Potter,Joe Smith,Ron Azam
SOLA3169,Hermione Azam,Harry Granger,Steve Root,Steve Root
ALIE1422,Hermione Potter,Joe Weasley,Joe Azam,Steve Azam
MART9206,Steve Azam,Steve Granger,Harry Smith,Babar Weasley
